observation_time,icao,temperature_k,dewpoint_k,wind_speed_mps,sfc_press_pa,cloud_cover
2021-06-01 00:00:00,KBOS,289.14999977777785,282.09999977777784,4.6313344,101958.91,
2021-06-01 01:00:00,KBOS,289.14999977777785,282.09999977777784,4.1172384000000015,101958.91,
2021-06-01 02:00:00,KBOS,289.14999977777785,282.09999977777784,2.57048,102026.59,43.75
2021-06-01 03:00:00,KBOS,288.14999977777785,282.09999977777784,4.6313344,102060.43,
2021-06-01 04:00:00,KBOS,288.14999977777785,281.09999977777784,5.6595264,102094.27,
2021-06-01 05:00:00,KBOS,287.14999977777785,281.09999977777784,4.6313344,102094.27,
2021-06-01 06:00:00,KBOS,287.14999977777785,281.09999977777784,3.0890464,102128.11,
2021-06-01 07:00:00,KBOS,286.14999977777785,282.1111108888889,3.6031424,102094.27,
2021-06-01 08:00:00,KBOS,287.14999977777785,282.1111108888889,4.1172384000000015,102128.11,
2021-06-01 09:00:00,KBOS,287.14999977777785,281.09999977777784,4.1172384000000015,102128.11,
2021-06-01 10:00:00,KBOS,287.14999977777785,281.09999977777784,3.6031424,102161.95,
2021-06-01 11:00:00,KBOS,288.14999977777785,281.09999977777784,4.1172384000000015,102229.63,
2021-06-01 12:00:00,KBOS,289.14999977777785,281.08888866666666,4.6313344,102263.47,
2021-06-01 13:00:00,KBOS,292.14999977777785,281.09999977777784,4.6313344,102263.47,
2021-06-01 14:00:00,KBOS,294.14999977777785,280.1111108888889,4.1172384000000015,102263.47,
2021-06-01 15:00:00,KBOS,295.14999977777785,281.122222,3.6031424,102229.63,
2021-06-01 16:00:00,KBOS,296.14999977777785,282.12777755555555,3.0890464,102229.63,
2021-06-01 17:00:00,KBOS,297.14999977777785,282.1388886666667,4.1172384000000015,102195.79,
2021-06-01 18:00:00,KBOS,297.14999977777785,282.1388886666667,3.6031424,102161.95,
2021-06-01 19:00:00,KBOS,297.14999977777785,282.1388886666667,4.6313344,102128.11,
2021-06-01 20:00:00,KBOS,297.14999977777785,280.1388886666667,5.1454304,102094.27,
2021-06-01 21:00:00,KBOS,298.14999977777785,280.14999977777785,6.1736224,102060.43,
2021-06-01 22:00:00,KBOS,297.14999977777785,281.1388886666667,5.6595264,102060.43,43.75
2021-06-01 23:00:00,KBOS,297.14999977777785,280.1388886666667,5.6595264,102060.43,43.75
2021-06-02 00:00:00,KBOS,296.14999977777785,280.12777755555555,4.1172384000000015,102094.27,43.75
2021-06-02 01:00:00,KBOS,293.14999977777785,282.1111108888889,5.1454304,102128.11,43.75
2021-06-02 02:00:00,KBOS,293.14999977777785,281.09999977777784,5.6595264,102195.79,43.75
2021-06-02 03:00:00,KBOS,292.14999977777785,281.09999977777784,5.6595264,102195.79,43.75
2021-06-02 04:00:00,KBOS,292.14999977777785,283.1111108888889,5.6595264,102195.79,43.75
2021-06-02 05:00:00,KBOS,292.14999977777785,284.1111108888889,5.6595264,102195.79,
2021-06-02 06:00:00,KBOS,292.14999977777785,284.1111108888889,2.57048,102195.79,
2021-06-02 07:00:00,KBOS,290.14999977777785,283.1111108888889,2.056384,102195.79,
2021-06-02 08:00:00,KBOS,289.14999977777785,284.1111108888889,2.056384,102195.79,
2021-06-02 09:00:00,KBOS,288.14999977777785,284.122222,3.6031424,102229.63,
2021-06-02 10:00:00,KBOS,287.14999977777785,284.122222,2.57048,102229.63,
2021-06-02 11:00:00,KBOS,290.14999977777785,284.1111108888889,2.056384,102263.47,
2021-06-02 12:00:00,KBOS,291.14999977777785,284.1111108888889,3.0890464,102297.31,
2021-06-02 13:00:00,KBOS,294.14999977777785,285.122222,1.5422879999999999,102297.31,
2021-06-02 14:00:00,KBOS,296.14999977777785,285.12777755555555,0.0,102297.31,
2021-06-02 15:00:00,KBOS,297.14999977777785,286.1388886666667,0.0,102263.47,
2021-06-02 16:00:00,KBOS,298.14999977777785,286.1388886666667,3.6031424,102263.47,
2021-06-02 17:00:00,KBOS,297.54999977777777,284.83888866666666,6.6877184000000005,102195.79,75.0
2021-06-02 18:00:00,KBOS,297.14999977777785,284.1388886666667,6.6877184000000005,102161.95,43.75
2021-06-02 19:00:00,KBOS,296.14999977777785,286.12777755555555,6.6877184000000005,102128.11,43.75
2021-06-02 20:00:00,KBOS,297.14999977777785,287.1388886666667,5.6595264,102060.43,43.75
2021-06-02 21:00:00,KBOS,299.14999977777785,285.1611108888889,6.6877184000000005,101992.75,43.75
2021-06-02 22:00:00,KBOS,298.14999977777785,285.14999977777785,6.1736224,102026.59,43.75
2021-06-02 23:00:00,KBOS,296.14999977777785,284.12777755555555,8.2300064,102026.59,43.75
2021-06-03 00:00:00,KBOS,294.14999977777785,286.122222,5.1454304,102094.27,43.75
2021-06-03 01:00:00,KBOS,293.14999977777785,286.122222,5.1454304,102128.11,43.75
2021-06-03 02:00:00,KBOS,292.14999977777785,286.122222,4.1172384000000015,102161.95,
2021-06-03 03:00:00,KBOS,293.14999977777785,286.122222,4.6313344,102128.11,
2021-06-03 04:00:00,KBOS,292.14999977777785,286.122222,5.6595264,102128.11,43.75
2021-06-03 05:00:00,KBOS,292.14999977777785,286.122222,4.1172384000000015,102094.27,75.0
2021-06-03 06:00:00,KBOS,291.14999977777785,285.1111108888889,3.6031424,102026.59,43.75
2021-06-03 07:00:00,KBOS,290.14999977777785,285.122222,4.1172384000000015,102026.59,
2021-06-03 08:00:00,KBOS,290.14999977777785,285.122222,2.57048,101992.75,
2021-06-03 09:00:00,KBOS,289.14999977777785,285.122222,2.056384,101992.75,
2021-06-03 10:00:00,KBOS,289.14999977777785,285.122222,2.056384,101958.91,43.75
2021-06-03 11:00:00,KBOS,289.14999977777785,286.12777755555555,2.056384,101992.75,43.75
2021-06-03 12:00:00,KBOS,290.14999977777785,286.122222,2.57048,101958.91,43.75
2021-06-03 13:00:00,KBOS,291.14999977777785,286.122222,2.57048,101925.07,75.0
2021-06-03 14:00:00,KBOS,291.14999977777785,287.12777755555555,2.57048,101891.23,43.75
2021-06-03 15:00:00,KBOS,292.14999977777785,288.12777755555555,4.1172384000000015,101857.39,100.0
2021-06-03 16:00:00,KBOS,294.14999977777785,287.122222,3.6031424,101755.87,75.0
2021-06-03 17:00:00,KBOS,295.14999977777785,288.12777755555555,3.6031424,101688.19,75.0
2021-06-03 18:00:00,KBOS,297.14999977777785,290.1388886666667,7.2018144,101586.67,75.0
2021-06-03 19:00:00,KBOS,297.14999977777785,291.1388886666667,6.6877184000000005,101485.15,75.0
2021-06-03 20:00:00,KBOS,297.14999977777785,291.1388886666667,6.1736224,101417.47,100.0
2021-06-03 21:00:00,KBOS,297.14999977777785,291.1388886666667,6.6877184000000005,101349.8,75.0
2021-06-03 22:00:00,KBOS,296.14999977777785,291.1388886666667,8.744102400000001,101282.12,75.0
2021-06-03 23:00:00,KBOS,296.14999977777785,291.1388886666667,6.6877184000000005,101248.28,75.0
2021-06-04 00:00:00,KBOS,295.14999977777785,291.1388886666667,6.6877184000000005,101248.28,75.0
2021-06-04 01:00:00,KBOS,295.14999977777785,291.1388886666667,6.1736224,101315.96,100.0
2021-06-04 02:00:00,KBOS,295.14999977777785,290.1388886666667,7.2018144,101315.96,100.0
2021-06-04 03:00:00,KBOS,295.14999977777785,290.1388886666667,6.6877184000000005,101282.12,100.0
2021-06-04 04:00:00,KBOS,295.14999977777785,291.1388886666667,5.6595264,101248.28,100.0
2021-06-04 05:00:00,KBOS,294.14999977777785,291.1388886666667,3.0890464,101214.44,75.0
2021-06-04 06:00:00,KBOS,293.14999977777785,290.1388886666667,5.1454304,101180.6,100.0
2021-06-04 07:00:00,KBOS,293.14999977777785,290.1388886666667,4.1172384000000015,101180.6,100.0
2021-06-04 08:00:00,KBOS,292.14999977777785,290.1388886666667,4.1172384000000015,101146.76,100.0
2021-06-04 09:00:00,KBOS,292.14999977777785,290.1388886666667,4.6313344,101112.92,100.0
2021-06-04 10:00:00,KBOS,293.14999977777785,290.1388886666667,6.6877184000000005,101112.92,100.0
2021-06-04 11:00:00,KBOS,294.14999977777785,291.1388886666667,5.6595264,101079.08,43.75
2021-06-04 12:00:00,KBOS,295.14999977777785,291.1388886666667,5.6595264,101079.08,43.75
2021-06-04 13:00:00,KBOS,296.14999977777785,291.1388886666667,6.1736224,101112.92,
2021-06-04 14:00:00,KBOS,297.14999977777785,291.1388886666667,7.2018144,101112.92,43.75
2021-06-04 15:00:00,KBOS,297.14999977777785,291.1388886666667,6.1736224,101112.92,75.0
2021-06-04 16:00:00,KBOS,298.14999977777785,291.14999977777785,5.1454304,101112.92,75.0
2021-06-04 17:00:00,KBOS,299.14999977777785,291.14999977777785,4.6313344,101045.24,43.75
2021-06-04 18:00:00,KBOS,299.14999977777785,291.14999977777785,5.6595264,101011.4,75.0
2021-06-04 19:00:00,KBOS,300.14999977777785,291.1611108888889,6.6877184000000005,100977.56,75.0
2021-06-04 20:00:00,KBOS,298.14999977777785,292.14999977777785,5.1454304,100977.56,100.0
2021-06-04 21:00:00,KBOS,296.14999977777785,291.1388886666667,5.1454304,100943.72,100.0
2021-06-04 22:00:00,KBOS,296.14999977777785,291.1388886666667,4.6313344,101011.4,43.75
2021-06-04 23:00:00,KBOS,295.14999977777785,291.1388886666667,3.6031424,101011.4,
2021-06-05 00:00:00,KBOS,295.14999977777785,290.1388886666667,4.1172384000000015,101045.24,
2021-06-05 01:00:00,KBOS,295.14999977777785,290.1388886666667,5.1454304,101011.4,
2021-06-05 02:00:00,KBOS,294.14999977777785,289.12777755555555,4.1172384000000015,101112.92,
2021-06-05 03:00:00,KBOS,293.14999977777785,290.1388886666667,4.6313344,101079.08,
2021-06-05 04:00:00,KBOS,292.14999977777785,289.12777755555555,3.0890464,101079.08,
2021-06-05 05:00:00,KBOS,292.14999977777785,289.12777755555555,3.6031424,101045.24,
2021-06-05 06:00:00,KBOS,293.14999977777785,290.1388886666667,4.1172384000000015,101045.24,
2021-06-05 07:00:00,KBOS,292.14999977777785,289.12777755555555,2.056384,101079.08,
2021-06-05 08:00:00,KBOS,291.14999977777785,289.1388886666667,4.1172384000000015,101045.24,
2021-06-05 09:00:00,KBOS,291.14999977777785,289.1388886666667,0.0,101079.08,
2021-06-05 10:00:00,KBOS,290.14999977777785,289.1388886666667,0.0,101112.92,
2021-06-05 11:00:00,KBOS,292.14999977777785,289.12777755555555,3.0890464,101112.92,
2021-06-05 12:00:00,KBOS,294.14999977777785,290.12777755555555,3.0890464,101112.92,
2021-06-05 13:00:00,KBOS,298.14999977777785,290.14999977777785,1.5422879999999999,101112.92,
2021-06-05 14:00:00,KBOS,300.14999977777785,290.1611108888889,4.6313344,101079.08,
2021-06-05 15:00:00,KBOS,302.14999977777785,289.1777775555556,5.1454304,101045.24,
2021-06-05 16:00:00,KBOS,304.14999977777785,289.21111088888887,5.6595264,100977.56,
2021-06-05 17:00:00,KBOS,305.14999977777785,287.23888866666664,8.2300064,100909.88,
2021-06-05 18:00:00,KBOS,305.14999977777785,288.23888866666664,7.2018144,100808.36,
2021-06-05 19:00:00,KBOS,305.14999977777785,290.22222200000004,8.744102400000001,100740.68,
2021-06-05 20:00:00,KBOS,305.14999977777785,290.22222200000004,8.744102400000001,100706.84,
2021-06-05 21:00:00,KBOS,305.14999977777785,291.22222200000004,7.7159104,100740.68,43.75
2021-06-05 22:00:00,KBOS,305.14999977777785,291.22222200000004,7.2018144,100706.84,
2021-06-05 23:00:00,KBOS,305.14999977777785,291.22222200000004,7.2018144,100774.52,
2021-06-06 00:00:00,KBOS,304.14999977777785,291.21111088888887,6.6877184000000005,100808.36,75.0
2021-06-06 01:00:00,KBOS,303.14999977777785,291.1888886666667,2.57048,100943.72,75.0
2021-06-06 02:00:00,KBOS,302.14999977777785,291.1777775555556,5.1454304,101011.4,
2021-06-06 03:00:00,KBOS,301.14999977777785,291.17222200000003,5.6595264,101079.08,
2021-06-06 04:00:00,KBOS,300.14999977777785,291.1611108888889,4.1172384000000015,101112.92,
2021-06-06 05:00:00,KBOS,301.14999977777785,289.17222200000003,3.6031424,101112.92,
2021-06-06 06:00:00,KBOS,300.14999977777785,289.1611108888889,3.0890464,101146.76,
2021-06-06 07:00:00,KBOS,297.14999977777785,290.1388886666667,3.6031424,101180.6,
2021-06-06 08:00:00,KBOS,298.14999977777785,289.14999977777785,4.1172384000000015,101214.44,
2021-06-06 09:00:00,KBOS,297.14999977777785,287.1388886666667,2.056384,101282.12,
2021-06-06 10:00:00,KBOS,297.14999977777785,287.1388886666667,2.57048,101349.8,
2021-06-06 11:00:00,KBOS,300.14999977777785,286.1611108888889,3.0890464,101383.64,
2021-06-06 12:00:00,KBOS,300.14999977777785,287.1611108888889,3.6031424,101417.47,
2021-06-06 13:00:00,KBOS,301.14999977777785,289.17222200000003,3.0890464,101485.15,
2021-06-06 14:00:00,KBOS,303.14999977777785,289.19999977777775,2.57048,101485.15,
2021-06-06 15:00:00,KBOS,305.14999977777785,289.22777755555563,3.0890464,101485.15,
2021-06-06 16:00:00,KBOS,305.14999977777785,290.22222200000004,5.6595264,101485.15,
2021-06-06 17:00:00,KBOS,306.14999977777785,289.24999977777776,5.1454304,101417.47,
2021-06-06 18:00:00,KBOS,307.14999977777785,289.272222,4.6313344,101383.64,
2021-06-06 19:00:00,KBOS,307.14999977777785,287.2777775555556,6.6877184000000005,101383.64,43.75
2021-06-06 20:00:00,KBOS,307.14999977777785,288.272222,6.1736224,101349.8,43.75
2021-06-06 21:00:00,KBOS,307.14999977777785,289.272222,6.1736224,101349.8,
2021-06-06 22:00:00,KBOS,306.14999977777785,288.24999977777776,5.6595264,101315.96,43.75
2021-06-06 23:00:00,KBOS,306.14999977777785,288.24999977777776,5.6595264,101315.96,43.75
2021-06-07 00:00:00,KBOS,306.14999977777785,288.24999977777776,5.6595264,101383.64,
2021-06-07 01:00:00,KBOS,305.14999977777785,288.23888866666664,3.6031424,101417.47,
2021-06-07 02:00:00,KBOS,302.14999977777785,289.1777775555556,4.1172384000000015,101485.15,
2021-06-07 03:00:00,KBOS,301.14999977777785,290.17222200000003,5.1454304,101552.83,
2021-06-07 04:00:00,KBOS,300.14999977777785,290.1611108888889,5.1454304,101586.67,
2021-06-07 05:00:00,KBOS,300.14999977777785,290.1611108888889,5.6595264,101552.83,
2021-06-07 06:00:00,KBOS,299.14999977777785,290.14999977777785,5.6595264,101586.67,
2021-06-07 07:00:00,KBOS,299.14999977777785,290.14999977777785,5.1454304,101586.67,
2021-06-07 08:00:00,KBOS,298.14999977777785,290.14999977777785,4.6313344,101586.67,
2021-06-07 09:00:00,KBOS,297.14999977777785,290.1388886666667,4.1172384000000015,101586.67,
2021-06-07 10:00:00,KBOS,296.14999977777785,290.1388886666667,3.0890464,101620.51,
2021-06-07 11:00:00,KBOS,297.14999977777785,290.1388886666667,2.57048,101688.19,
2021-06-07 12:00:00,KBOS,300.14999977777785,291.1611108888889,3.0890464,101688.19,
2021-06-07 13:00:00,KBOS,302.14999977777785,292.1777775555556,1.5422879999999999,101722.03,
2021-06-07 14:00:00,KBOS,303.14999977777785,292.1888886666667,4.1172384000000015,101722.03,
2021-06-07 15:00:00,KBOS,304.14999977777785,293.19999977777775,4.1172384000000015,101722.03,
2021-06-07 16:00:00,KBOS,306.14999977777785,293.22777755555563,7.7159104,101688.19,
2021-06-07 17:00:00,KBOS,306.14999977777785,289.24999977777776,6.1736224,101586.67,43.75
2021-06-07 18:00:00,KBOS,308.14999977777785,290.2777775555556,6.6877184000000005,101552.83,43.75
2021-06-07 19:00:00,KBOS,308.14999977777785,290.2777775555556,8.2300064,101485.15,43.75
2021-06-07 20:00:00,KBOS,308.14999977777785,291.2777775555556,5.1454304,101451.31,43.75
2021-06-07 21:00:00,KBOS,305.14999977777785,294.21111088888887,5.6595264,101417.47,43.75
2021-06-07 22:00:00,KBOS,306.14999977777785,293.22777755555563,9.2581984,101349.8,43.75
2021-06-07 23:00:00,KBOS,306.14999977777785,293.22777755555563,7.2018144,101383.64,
2021-06-08 00:00:00,KBOS,305.14999977777785,293.21111088888887,8.2300064,101417.47,43.75
2021-06-08 01:00:00,KBOS,302.14999977777785,293.1777775555556,4.6313344,101451.31,
2021-06-08 02:00:00,KBOS,300.14999977777785,293.1611108888889,4.6313344,101518.99,
2021-06-08 03:00:00,KBOS,300.14999977777785,293.1611108888889,6.1736224,101518.99,
2021-06-08 04:00:00,KBOS,300.14999977777785,293.1611108888889,5.6595264,101518.99,
2021-06-08 05:00:00,KBOS,299.14999977777785,292.14999977777785,5.6595264,101518.99,
2021-06-08 06:00:00,KBOS,298.14999977777785,292.14999977777785,5.6595264,101518.99,
2021-06-08 07:00:00,KBOS,297.14999977777785,292.1388886666667,5.6595264,101552.83,
2021-06-08 08:00:00,KBOS,297.14999977777785,292.1388886666667,5.6595264,101518.99,
2021-06-08 09:00:00,KBOS,297.14999977777785,292.1388886666667,4.1172384000000015,101552.83,
2021-06-08 10:00:00,KBOS,297.14999977777785,292.1388886666667,4.6313344,101552.83,43.75
2021-06-08 11:00:00,KBOS,299.14999977777785,292.14999977777785,5.1454304,101552.83,
2021-06-08 12:00:00,KBOS,300.14999977777785,294.1611108888889,3.6031424,101586.67,
2021-06-08 13:00:00,KBOS,302.14999977777785,294.17222200000003,4.1172384000000015,101586.67,
2021-06-08 14:00:00,KBOS,304.14999977777785,294.1888886666667,3.6031424,101552.83,
2021-06-08 15:00:00,KBOS,305.14999977777785,294.21111088888887,4.1172384000000015,101552.83,43.75
2021-06-08 16:00:00,KBOS,306.14999977777785,294.22222200000004,3.6031424,101552.83,
2021-06-08 17:00:00,KBOS,307.14999977777785,294.23888866666664,3.0890464,101485.15,43.75
2021-06-08 18:00:00,KBOS,307.14999977777785,294.23888866666664,6.1736224,101417.47,43.75
2021-06-08 19:00:00,KBOS,307.14999977777785,294.23888866666664,4.1172384000000015,101349.8,100.0
2021-06-08 20:00:00,KBOS,307.14999977777785,294.23888866666664,4.6313344,101315.96,75.0
2021-06-08 21:00:00,KBOS,306.14999977777785,295.22222200000004,4.6313344,101349.8,43.75
2021-06-08 22:00:00,KBOS,303.14999977777785,295.1777775555556,4.1172384000000015,101349.8,
2021-06-08 23:00:00,KBOS,302.14999977777785,294.17222200000003,4.1172384000000015,101383.64,75.0
2021-06-09 00:00:00,KBOS,301.14999977777785,294.1611108888889,3.6031424,101383.64,43.75
2021-06-09 01:00:00,KBOS,302.14999977777785,293.1777775555556,2.57048,101383.64,43.75
2021-06-09 02:00:00,KBOS,301.14999977777785,294.1611108888889,4.6313344,101451.31,43.75
2021-06-09 03:00:00,KBOS,300.14999977777785,294.1611108888889,3.0890464,101451.31,75.0
2021-06-09 04:00:00,KBOS,297.14999977777785,294.14999977777785,2.056384,101417.47,
2021-06-09 05:00:00,KBOS,298.14999977777785,295.14999977777785,2.57048,101383.64,
2021-06-09 06:00:00,KBOS,298.14999977777785,294.14999977777785,1.5422879999999999,101349.8,75.0
2021-06-09 07:00:00,KBOS,297.14999977777785,295.14999977777785,0.0,101349.8,
2021-06-09 08:00:00,KBOS,298.14999977777785,295.14999977777785,1.5422879999999999,101282.12,43.75
2021-06-09 09:00:00,KBOS,297.14999977777785,295.14999977777785,0.0,101282.12,43.75
2021-06-09 10:00:00,KBOS,297.14999977777785,295.14999977777785,2.57048,101248.28,75.0
2021-06-09 11:00:00,KBOS,298.14999977777785,295.14999977777785,3.6031424,101248.28,
2021-06-09 12:00:00,KBOS,299.14999977777785,294.14999977777785,3.0890464,101214.44,43.75
2021-06-09 13:00:00,KBOS,300.14999977777785,294.1611108888889,4.1172384000000015,101248.28,
2021-06-09 14:00:00,KBOS,300.14999977777785,294.1611108888889,5.1454304,101282.12,43.75
2021-06-09 15:00:00,KBOS,302.14999977777785,294.17222200000003,5.1454304,101282.12,
2021-06-09 16:00:00,KBOS,304.14999977777785,294.1888886666667,6.1736224,101282.12,43.75
2021-06-09 17:00:00,KBOS,305.14999977777785,294.21111088888887,4.6313344,101248.28,
2021-06-09 18:00:00,KBOS,301.14999977777785,294.1611108888889,4.6313344,101248.28,43.75
2021-06-09 19:00:00,KBOS,303.14999977777785,294.1777775555556,4.1172384000000015,101248.28,43.75
2021-06-09 20:00:00,KBOS,301.14999977777785,293.17222200000003,4.1172384000000015,101214.44,75.0
2021-06-09 21:00:00,KBOS,301.14999977777785,293.17222200000003,2.57048,101180.6,43.75
2021-06-09 22:00:00,KBOS,305.14999977777785,290.22222200000004,6.6877184000000005,101180.6,
2021-06-09 23:00:00,KBOS,304.14999977777785,288.22222200000004,5.6595264,101180.6,43.75
2021-06-10 00:00:00,KBOS,299.14999977777785,292.14999977777785,3.0890464,101248.28,43.75
2021-06-10 01:00:00,KBOS,297.14999977777785,292.1388886666667,0.0,101315.96,43.75
2021-06-10 02:00:00,KBOS,300.14999977777785,291.1611108888889,3.0890464,101383.64,43.75
2021-06-10 03:00:00,KBOS,300.14999977777785,285.17222200000003,5.1454304,101417.47,
2021-06-10 04:00:00,KBOS,300.14999977777785,282.17222200000003,5.1454304,101417.47,
2021-06-10 05:00:00,KBOS,298.14999977777785,282.14999977777785,4.6313344,101451.31,
2021-06-10 06:00:00,KBOS,297.14999977777785,281.1388886666667,2.056384,101417.47,
2021-06-10 07:00:00,KBOS,295.14999977777785,282.122222,1.5422879999999999,101451.31,
2021-06-10 08:00:00,KBOS,296.14999977777785,281.12777755555555,3.0890464,101451.31,
2021-06-10 09:00:00,KBOS,294.14999977777785,284.1111108888889,2.056384,101451.31,
2021-06-10 10:00:00,KBOS,293.14999977777785,284.1111108888889,2.57048,101552.83,43.75
2021-06-10 11:00:00,KBOS,294.14999977777785,284.1111108888889,3.6031424,101586.67,
2021-06-10 12:00:00,KBOS,295.14999977777785,283.122222,5.6595264,101654.35,
2021-06-10 13:00:00,KBOS,294.84999977777784,283.122222,4.1172384000000015,101755.87,75.0
2021-06-10 14:00:00,KBOS,294.14999977777785,283.1111108888889,6.1736224,101789.71,
2021-06-10 15:00:00,KBOS,294.14999977777785,279.1111108888889,7.2018144,101857.39,
2021-06-10 16:00:00,KBOS,294.14999977777785,280.1111108888889,6.6877184000000005,101891.23,
2021-06-10 17:00:00,KBOS,294.14999977777785,280.1111108888889,6.6877184000000005,101857.39,
2021-06-10 18:00:00,KBOS,294.14999977777785,281.1111108888889,7.2018144,101857.39,43.75
2021-06-10 19:00:00,KBOS,292.14999977777785,281.09999977777784,6.1736224,101857.39,
2021-06-10 20:00:00,KBOS,292.14999977777785,281.09999977777784,6.6877184000000005,101823.55,43.75
2021-06-10 21:00:00,KBOS,291.14999977777785,281.09999977777784,6.1736224,101789.71,
2021-06-10 22:00:00,KBOS,292.14999977777785,282.09999977777784,7.2018144,101755.87,
2021-06-10 23:00:00,KBOS,291.14999977777785,281.09999977777784,7.2018144,101789.71,
2021-06-11 00:00:00,KBOS,291.14999977777785,281.09999977777784,5.6595264,101823.55,
2021-06-11 01:00:00,KBOS,290.14999977777785,281.08888866666666,4.6313344,101891.23,
2021-06-11 02:00:00,KBOS,289.14999977777785,281.08888866666666,3.6031424,101925.07,
2021-06-11 03:00:00,KBOS,289.14999977777785,282.09999977777784,3.0890464,101958.91,
2021-06-11 04:00:00,KBOS,289.14999977777785,282.09999977777784,3.0890464,101958.91,
2021-06-11 05:00:00,KBOS,288.14999977777785,281.09999977777784,3.0890464,101958.91,
2021-06-11 06:00:00,KBOS,287.14999977777785,280.08888866666666,3.6031424,101958.91,
2021-06-11 07:00:00,KBOS,287.14999977777785,280.08888866666666,2.57048,101925.07,
2021-06-11 08:00:00,KBOS,288.14999977777785,280.08888866666666,0.0,101925.07,
2021-06-11 09:00:00,KBOS,287.14999977777785,280.08888866666666,2.056384,101891.23,
2021-06-11 10:00:00,KBOS,288.14999977777785,280.08888866666666,2.57048,101891.23,43.75
2021-06-11 11:00:00,KBOS,289.14999977777785,279.0777775555556,2.57048,101891.23,43.75
2021-06-11 12:00:00,KBOS,289.14999977777785,280.08888866666666,2.57048,101857.39,
2021-06-11 13:00:00,KBOS,289.14999977777785,279.0777775555556,4.6313344,101823.55,43.75
2021-06-11 14:00:00,KBOS,290.14999977777785,280.08888866666666,3.0890464,101823.55,75.0
2021-06-11 15:00:00,KBOS,291.14999977777785,281.09999977777784,4.1172384000000015,101789.71,43.75
2021-06-11 16:00:00,KBOS,291.14999977777785,281.09999977777784,4.6313344,101755.87,43.75
2021-06-11 17:00:00,KBOS,291.14999977777785,282.09999977777784,5.1454304,101688.19,75.0
2021-06-11 18:00:00,KBOS,291.14999977777785,284.1111108888889,5.6595264,101586.67,43.75
2021-06-11 19:00:00,KBOS,291.14999977777785,284.1111108888889,5.6595264,101518.99,100.0
2021-06-11 20:00:00,KBOS,290.14999977777785,285.122222,6.1736224,101518.99,100.0
2021-06-11 21:00:00,KBOS,290.14999977777785,285.122222,5.6595264,101451.31,100.0
2021-06-11 22:00:00,KBOS,290.14999977777785,286.122222,4.6313344,101383.64,100.0
2021-06-11 23:00:00,KBOS,291.14999977777785,285.1111108888889,4.6313344,101349.8,100.0
2021-06-12 00:00:00,KBOS,291.14999977777785,285.1111108888889,2.57048,101349.8,100.0
2021-06-12 01:00:00,KBOS,291.14999977777785,286.122222,4.6313344,101248.28,100.0
2021-06-12 02:00:00,KBOS,290.14999977777785,286.122222,3.0890464,101315.96,100.0
2021-06-12 03:00:00,KBOS,290.14999977777785,286.122222,3.6031424,101315.96,100.0
2021-06-12 04:00:00,KBOS,290.14999977777785,287.12777755555555,2.056384,101315.96,100.0
2021-06-12 05:00:00,KBOS,290.14999977777785,287.12777755555555,2.57048,101282.12,100.0
2021-06-12 06:00:00,KBOS,290.14999977777785,287.12777755555555,2.056384,101214.44,100.0
2021-06-12 07:00:00,KBOS,289.14999977777785,287.1388886666667,1.5422879999999999,101180.6,100.0
2021-06-12 08:00:00,KBOS,289.14999977777785,287.1388886666667,2.056384,101146.76,100.0
2021-06-12 09:00:00,KBOS,289.14999977777785,287.1388886666667,2.056384,101146.76,100.0
2021-06-12 10:00:00,KBOS,289.14999977777785,287.1388886666667,2.57048,101146.76,100.0
2021-06-12 11:00:00,KBOS,289.14999977777785,287.1388886666667,0.0,101146.76,100.0
2021-06-12 12:00:00,KBOS,289.14999977777785,287.1388886666667,2.57048,101146.76,100.0
2021-06-12 13:00:00,KBOS,290.14999977777785,286.122222,1.5422879999999999,101180.6,100.0
2021-06-12 14:00:00,KBOS,290.14999977777785,286.122222,0.0,101180.6,100.0
2021-06-12 15:00:00,KBOS,290.14999977777785,286.122222,1.5422879999999999,101146.76,100.0
2021-06-12 16:00:00,KBOS,290.14999977777785,287.12777755555555,2.57048,101112.92,100.0
2021-06-12 17:00:00,KBOS,292.14999977777785,288.12777755555555,1.5422879999999999,101112.92,43.75
2021-06-12 18:00:00,KBOS,293.14999977777785,287.122222,3.6031424,101079.08,43.75
2021-06-12 19:00:00,KBOS,294.14999977777785,287.122222,4.6313344,101045.24,
2021-06-12 20:00:00,KBOS,294.14999977777785,287.122222,4.6313344,101011.4,
2021-06-12 21:00:00,KBOS,294.14999977777785,287.122222,3.6031424,101011.4,
2021-06-12 22:00:00,KBOS,294.14999977777785,286.122222,3.0890464,100977.56,
2021-06-12 23:00:00,KBOS,,,,,
2021-06-13 00:00:00,KBOS,293.14999977777785,287.122222,2.57048,100943.72,
2021-06-13 01:00:00,KBOS,292.14999977777785,287.122222,2.57048,100943.72,
2021-06-13 02:00:00,KBOS,293.14999977777785,286.122222,4.6313344,101011.4,
2021-06-13 03:00:00,KBOS,292.14999977777785,287.122222,4.1172384000000015,101045.24,
2021-06-13 04:00:00,KBOS,292.14999977777785,287.122222,4.6313344,101079.08,
2021-06-13 05:00:00,KBOS,291.14999977777785,287.12777755555555,4.1172384000000015,101079.08,
2021-06-13 06:00:00,KBOS,291.14999977777785,287.12777755555555,4.6313344,101079.08,
2021-06-13 07:00:00,KBOS,290.14999977777785,287.12777755555555,4.1172384000000015,101079.08,
2021-06-13 08:00:00,KBOS,290.14999977777785,287.12777755555555,4.1172384000000015,101045.24,
2021-06-13 09:00:00,KBOS,290.14999977777785,287.12777755555555,3.6031424,101045.24,
2021-06-13 10:00:00,KBOS,290.14999977777785,287.12777755555555,4.6313344,101045.24,43.75
2021-06-13 11:00:00,KBOS,292.14999977777785,287.122222,2.056384,101112.92,43.75
2021-06-13 12:00:00,KBOS,293.14999977777785,287.122222,2.056384,101146.76,
2021-06-13 13:00:00,KBOS,295.14999977777785,288.12777755555555,3.0890464,101146.76,
2021-06-13 14:00:00,KBOS,297.14999977777785,288.1388886666667,3.0890464,101146.76,
2021-06-13 15:00:00,KBOS,299.14999977777785,287.14999977777785,3.6031424,101112.92,43.75
2021-06-13 16:00:00,KBOS,299.14999977777785,285.1611108888889,4.1172384000000015,101112.92,43.75
2021-06-13 17:00:00,KBOS,300.14999977777785,284.17222200000003,5.1454304,101112.92,75.0
2021-06-13 18:00:00,KBOS,301.14999977777785,284.1777775555556,3.6031424,101079.08,43.75
2021-06-13 19:00:00,KBOS,301.14999977777785,284.1777775555556,4.6313344,101045.24,43.75
2021-06-13 20:00:00,KBOS,302.14999977777785,284.19999977777775,2.57048,101011.4,43.75
2021-06-13 21:00:00,KBOS,302.14999977777785,284.19999977777775,6.1736224,101011.4,43.75
2021-06-13 22:00:00,KBOS,300.14999977777785,284.17222200000003,6.1736224,100977.56,43.75
2021-06-13 23:00:00,KBOS,299.14999977777785,284.1611108888889,6.6877184000000005,100977.56,43.75
2021-06-14 00:00:00,KBOS,297.14999977777785,283.1388886666667,7.2018144,101011.4,
2021-06-14 01:00:00,KBOS,296.14999977777785,284.12777755555555,5.6595264,101045.24,43.75
2021-06-14 02:00:00,KBOS,295.14999977777785,284.122222,6.1736224,101112.92,43.75
2021-06-14 03:00:00,KBOS,293.14999977777785,286.122222,5.1454304,101180.6,
2021-06-14 04:00:00,KBOS,292.14999977777785,286.122222,5.6595264,101214.44,43.75
2021-06-14 05:00:00,KBOS,292.14999977777785,285.1111108888889,5.1454304,101214.44,43.75
2021-06-14 06:00:00,KBOS,291.14999977777785,285.1111108888889,4.1172384000000015,101146.76,
2021-06-14 07:00:00,KBOS,291.14999977777785,285.1111108888889,4.6313344,101180.6,
2021-06-14 08:00:00,KBOS,290.14999977777785,285.122222,4.6313344,101214.44,
2021-06-14 09:00:00,KBOS,289.14999977777785,285.122222,3.0890464,101248.28,
2021-06-14 10:00:00,KBOS,289.14999977777785,285.122222,3.0890464,101248.28,
2021-06-14 11:00:00,KBOS,290.14999977777785,286.122222,4.6313344,101214.44,
2021-06-14 12:00:00,KBOS,291.14999977777785,287.12777755555555,4.1172384000000015,101248.28,
2021-06-14 13:00:00,KBOS,291.14999977777785,287.12777755555555,2.57048,101315.96,43.75
2021-06-14 14:00:00,KBOS,293.14999977777785,287.122222,6.1736224,101417.47,43.75
2021-06-14 15:00:00,KBOS,291.14999977777785,288.12777755555555,4.1172384000000015,101282.12,100.0
2021-06-14 16:00:00,KBOS,292.14999977777785,289.12777755555555,1.5422879999999999,101349.8,75.0
2021-06-14 17:00:00,KBOS,292.14999977777785,289.12777755555555,3.0890464,101315.96,100.0
2021-06-14 18:00:00,KBOS,291.14999977777785,290.1388886666667,1.5422879999999999,101214.44,100.0
2021-06-14 19:00:00,KBOS,292.54999977777777,289.83888866666666,6.1736224,101180.6,75.0
2021-06-14 20:00:00,KBOS,293.14999977777785,289.12777755555555,3.0890464,101112.92,75.0
2021-06-14 21:00:00,KBOS,293.14999977777785,289.12777755555555,5.1454304,101045.24,75.0
2021-06-14 22:00:00,KBOS,291.14999977777785,290.1388886666667,0.0,101011.4,100.0
2021-06-14 23:00:00,KBOS,290.94999977777775,289.23888866666664,2.57048,100977.56,100.0
2021-06-15 00:00:00,KBOS,290.14999977777785,289.1388886666667,3.6031424,100977.56,100.0
2021-06-15 01:00:00,KBOS,290.14999977777785,289.1388886666667,3.0890464,100909.88,100.0
2021-06-15 02:00:00,KBOS,291.14999977777785,289.1388886666667,1.5422879999999999,100943.72,100.0
2021-06-15 03:00:00,KBOS,291.14999977777785,289.1388886666667,0.0,100909.88,100.0
2021-06-15 04:00:00,KBOS,290.14999977777785,289.1388886666667,1.5422879999999999,100876.04,100.0
2021-06-15 05:00:00,KBOS,291.14999977777785,289.1388886666667,0.0,100876.04,100.0
2021-06-15 06:00:00,KBOS,290.94999977777775,289.23888866666664,0.0,100842.2,75.0
2021-06-15 07:00:00,KBOS,289.84999977777784,288.73888866666664,1.5422879999999999,100774.52,75.0
2021-06-15 08:00:00,KBOS,290.14999977777785,289.1388886666667,0.0,100774.52,100.0
2021-06-15 09:00:00,KBOS,291.14999977777785,290.1388886666667,2.57048,100706.84,100.0
2021-06-15 10:00:00,KBOS,290.14999977777785,289.1388886666667,2.056384,100706.84,100.0
2021-06-15 11:00:00,KBOS,290.94999977777775,289.83888866666666,0.0,100706.84,100.0
2021-06-15 12:00:00,KBOS,292.14999977777785,290.1388886666667,1.5422879999999999,100706.84,100.0
2021-06-15 13:00:00,KBOS,292.14999977777785,291.14999977777785,2.056384,100673.0,75.0
2021-06-15 14:00:00,KBOS,294.14999977777785,291.1388886666667,2.056384,100639.16,100.0
2021-06-15 15:00:00,KBOS,294.14999977777785,291.1388886666667,2.57048,100639.16,100.0
2021-06-15 16:00:00,KBOS,295.14999977777785,291.1388886666667,2.056384,100639.16,100.0
2021-06-15 17:00:00,KBOS,295.14999977777785,291.1388886666667,3.6031424,100605.32,75.0
2021-06-15 18:00:00,KBOS,295.14999977777785,291.1388886666667,4.6313344,100571.48,75.0
2021-06-15 19:00:00,KBOS,295.14999977777785,291.1388886666667,5.1454304,100537.64,75.0
2021-06-15 20:00:00,KBOS,296.14999977777785,291.1388886666667,5.6595264,100469.96,75.0
2021-06-15 21:00:00,KBOS,295.14999977777785,291.1388886666667,5.1454304,100402.28,
2021-06-15 22:00:00,KBOS,295.14999977777785,291.1388886666667,4.6313344,100368.44,
2021-06-15 23:00:00,KBOS,293.14999977777785,290.1388886666667,4.1172384000000015,100402.28,75.0
2021-06-16 00:00:00,KBOS,294.14999977777785,291.1388886666667,3.6031424,100436.12,75.0
2021-06-16 01:00:00,KBOS,291.14999977777785,288.12777755555555,2.056384,100469.96,75.0
2021-06-16 02:00:00,KBOS,292.14999977777785,289.12777755555555,3.0890464,100537.64,43.75
2021-06-16 03:00:00,KBOS,291.14999977777785,288.12777755555555,2.056384,100537.64,
2021-06-16 04:00:00,KBOS,290.14999977777785,288.1388886666667,2.056384,100537.64,43.75
2021-06-16 05:00:00,KBOS,291.14999977777785,289.1388886666667,1.5422879999999999,100469.96,43.75
2021-06-16 06:00:00,KBOS,291.14999977777785,289.1388886666667,4.1172384000000015,100469.96,43.75
2021-06-16 07:00:00,KBOS,292.14999977777785,288.12777755555555,5.1454304,100436.12,43.75
2021-06-16 08:00:00,KBOS,291.14999977777785,287.12777755555555,4.1172384000000015,100436.12,
2021-06-16 09:00:00,KBOS,291.14999977777785,286.122222,4.1172384000000015,100469.96,
2021-06-16 10:00:00,KBOS,290.14999977777785,284.1111108888889,5.1454304,100503.8,43.75
2021-06-16 11:00:00,KBOS,291.14999977777785,283.09999977777784,6.1736224,100571.48,
2021-06-16 12:00:00,KBOS,291.14999977777785,283.09999977777784,6.6877184000000005,100673.0,100.0
2021-06-16 13:00:00,KBOS,292.14999977777785,283.1111108888889,4.1172384000000015,100706.84,100.0
2021-06-16 14:00:00,KBOS,294.14999977777785,283.1111108888889,5.6595264,100673.0,
2021-06-16 15:00:00,KBOS,295.14999977777785,281.122222,4.1172384000000015,100706.84,
2021-06-16 16:00:00,KBOS,296.14999977777785,281.12777755555555,5.6595264,100740.68,43.75
2021-06-16 17:00:00,KBOS,295.14999977777785,280.122222,4.1172384000000015,100740.68,43.75
2021-06-16 18:00:00,KBOS,297.14999977777785,280.1388886666667,5.1454304,100740.68,43.75
2021-06-16 19:00:00,KBOS,297.14999977777785,278.1388886666667,6.6877184000000005,100774.52,43.75
2021-06-16 20:00:00,KBOS,297.14999977777785,279.1388886666667,8.744102400000001,100808.36,43.75
2021-06-16 21:00:00,KBOS,297.14999977777785,279.1388886666667,6.6877184000000005,100808.36,75.0
2021-06-16 22:00:00,KBOS,296.14999977777785,278.12777755555555,5.6595264,100808.36,43.75
2021-06-16 23:00:00,KBOS,296.14999977777785,277.12777755555555,5.6595264,100842.2,75.0
2021-06-17 00:00:00,KBOS,296.14999977777785,277.12777755555555,3.6031424,100909.88,43.75
2021-06-17 01:00:00,KBOS,295.14999977777785,277.122222,3.6031424,101011.4,43.75
2021-06-17 02:00:00,KBOS,294.14999977777785,277.1111108888889,2.57048,101045.24,
2021-06-17 03:00:00,KBOS,294.14999977777785,278.09999977777784,3.0890464,101112.92,43.75
2021-06-17 04:00:00,KBOS,293.14999977777785,279.09999977777784,4.1172384000000015,101112.92,43.75
2021-06-17 05:00:00,KBOS,292.14999977777785,280.09999977777784,5.1454304,101146.76,43.75
2021-06-17 06:00:00,KBOS,291.14999977777785,280.08888866666666,3.0890464,101180.6,43.75
2021-06-17 07:00:00,KBOS,290.14999977777785,280.08888866666666,3.0890464,101180.6,43.75
2021-06-17 08:00:00,KBOS,290.14999977777785,280.08888866666666,3.6031424,101180.6,43.75
2021-06-17 09:00:00,KBOS,289.14999977777785,280.08888866666666,3.6031424,101180.6,
2021-06-17 10:00:00,KBOS,289.14999977777785,280.08888866666666,4.6313344,101214.44,43.75
2021-06-17 11:00:00,KBOS,290.14999977777785,280.08888866666666,4.1172384000000015,101214.44,
2021-06-17 12:00:00,KBOS,291.14999977777785,280.08888866666666,4.1172384000000015,101248.28,
2021-06-17 13:00:00,KBOS,294.14999977777785,280.1111108888889,3.6031424,101315.96,
2021-06-17 14:00:00,KBOS,295.14999977777785,280.122222,3.0890464,101315.96,
2021-06-17 15:00:00,KBOS,296.14999977777785,277.12777755555555,5.6595264,101282.12,
2021-06-17 16:00:00,KBOS,297.14999977777785,279.1388886666667,4.1172384000000015,101248.28,
2021-06-17 17:00:00,KBOS,297.14999977777785,278.1388886666667,3.6031424,101248.28,43.75
2021-06-17 18:00:00,KBOS,297.14999977777785,279.1388886666667,5.1454304,101214.44,43.75
2021-06-17 19:00:00,KBOS,299.14999977777785,278.17222200000003,5.6595264,101180.6,43.75
2021-06-17 20:00:00,KBOS,299.14999977777785,279.1611108888889,4.6313344,101146.76,43.75
2021-06-17 21:00:00,KBOS,300.14999977777785,279.1777775555556,2.57048,101146.76,43.75
2021-06-17 22:00:00,KBOS,300.14999977777785,280.1777775555556,5.1454304,101146.76,43.75
2021-06-17 23:00:00,KBOS,299.14999977777785,279.1611108888889,2.056384,101180.6,43.75
2021-06-18 00:00:00,KBOS,298.14999977777785,277.1611108888889,3.0890464,101214.44,43.75
2021-06-18 01:00:00,KBOS,297.14999977777785,277.1388886666667,2.57048,101248.28,
2021-06-18 02:00:00,KBOS,295.14999977777785,280.122222,2.57048,101315.96,
2021-06-18 03:00:00,KBOS,296.14999977777785,280.12777755555555,3.6031424,101383.64,
2021-06-18 04:00:00,KBOS,295.14999977777785,281.122222,3.0890464,101417.47,
2021-06-18 05:00:00,KBOS,294.14999977777785,281.1111108888889,2.57048,101451.31,
2021-06-18 06:00:00,KBOS,294.14999977777785,281.1111108888889,3.0890464,101451.31,
2021-06-18 07:00:00,KBOS,292.14999977777785,281.09999977777784,0.0,101451.31,
2021-06-18 08:00:00,KBOS,291.14999977777785,281.09999977777784,3.0890464,101451.31,
2021-06-18 09:00:00,KBOS,291.14999977777785,281.09999977777784,0.0,101518.99,
2021-06-18 10:00:00,KBOS,289.14999977777785,282.09999977777784,1.5422879999999999,101552.83,
2021-06-18 11:00:00,KBOS,291.14999977777785,283.09999977777784,2.57048,101552.83,
2021-06-18 12:00:00,KBOS,292.14999977777785,282.09999977777784,3.0890464,101586.67,
2021-06-18 13:00:00,KBOS,295.14999977777785,282.122222,2.57048,101552.83,
2021-06-18 14:00:00,KBOS,297.14999977777785,281.1388886666667,2.57048,101485.15,
2021-06-18 15:00:00,KBOS,299.14999977777785,279.1611108888889,4.1172384000000015,101417.47,
2021-06-18 16:00:00,KBOS,300.14999977777785,280.1777775555556,4.6313344,101417.47,
2021-06-18 17:00:00,KBOS,300.14999977777785,281.17222200000003,4.1172384000000015,101349.8,
2021-06-18 18:00:00,KBOS,301.14999977777785,282.1888886666667,4.1172384000000015,101282.12,
2021-06-18 19:00:00,KBOS,301.14999977777785,281.1888886666667,7.2018144,101248.28,
2021-06-18 20:00:00,KBOS,301.14999977777785,281.1888886666667,6.1736224,101180.6,
2021-06-18 21:00:00,KBOS,302.14999977777785,282.19999977777775,5.6595264,101112.92,
2021-06-18 22:00:00,KBOS,302.14999977777785,281.21111088888887,7.7159104,101079.08,
2021-06-18 23:00:00,KBOS,300.14999977777785,282.17222200000003,6.6877184000000005,101011.4,
2021-06-19 00:00:00,KBOS,298.14999977777785,285.14999977777785,6.6877184000000005,101011.4,
2021-06-19 01:00:00,KBOS,297.14999977777785,285.1388886666667,4.6313344,100977.56,
2021-06-19 02:00:00,KBOS,297.14999977777785,284.1388886666667,5.1454304,100977.56,
2021-06-19 03:00:00,KBOS,296.14999977777785,283.12777755555555,6.1736224,101011.4,
2021-06-19 04:00:00,KBOS,296.14999977777785,284.12777755555555,5.1454304,100977.56,
2021-06-19 05:00:00,KBOS,296.14999977777785,284.12777755555555,6.1736224,100943.72,43.75
2021-06-19 06:00:00,KBOS,295.14999977777785,286.12777755555555,5.6595264,100943.72,100.0
2021-06-19 07:00:00,KBOS,294.14999977777785,286.122222,5.6595264,100842.2,100.0
2021-06-19 08:00:00,KBOS,294.14999977777785,287.122222,5.6595264,100774.52,100.0
2021-06-19 09:00:00,KBOS,294.14999977777785,287.122222,5.1454304,100706.84,100.0
2021-06-19 10:00:00,KBOS,294.14999977777785,287.122222,6.1736224,100673.0,43.75
2021-06-19 11:00:00,KBOS,294.14999977777785,287.122222,5.6595264,100639.16,75.0
2021-06-19 12:00:00,KBOS,294.14999977777785,287.122222,5.6595264,100639.16,75.0
2021-06-19 13:00:00,KBOS,296.14999977777785,289.1388886666667,6.6877184000000005,100605.32,75.0
2021-06-19 14:00:00,KBOS,297.14999977777785,290.1388886666667,6.6877184000000005,100571.48,75.0
2021-06-19 15:00:00,KBOS,300.14999977777785,291.1611108888889,7.2018144,100537.64,75.0
2021-06-19 16:00:00,KBOS,301.14999977777785,291.17222200000003,6.1736224,100503.8,43.75
2021-06-19 17:00:00,KBOS,303.14999977777785,292.1888886666667,5.1454304,100469.96,
2021-06-19 18:00:00,KBOS,304.14999977777785,291.21111088888887,6.6877184000000005,100436.12,43.75
2021-06-19 19:00:00,KBOS,305.14999977777785,289.22777755555563,6.1736224,100436.12,75.0
2021-06-19 20:00:00,KBOS,305.14999977777785,288.23888866666664,5.6595264,100402.28,43.75
2021-06-19 21:00:00,KBOS,305.14999977777785,289.22777755555563,6.6877184000000005,100334.61,43.75
2021-06-19 22:00:00,KBOS,304.14999977777785,285.22777755555563,6.1736224,100402.28,
2021-06-19 23:00:00,KBOS,304.14999977777785,286.22222200000004,5.1454304,100436.12,
2021-06-20 00:00:00,KBOS,303.14999977777785,284.22222200000004,4.1172384000000015,100436.12,43.75
2021-06-20 01:00:00,KBOS,300.14999977777785,290.1611108888889,5.6595264,100503.8,75.0
2021-06-20 02:00:00,KBOS,300.14999977777785,290.1611108888889,5.6595264,100537.64,
2021-06-20 03:00:00,KBOS,299.14999977777785,286.14999977777785,8.744102400000001,100571.48,43.75
2021-06-20 04:00:00,KBOS,296.14999977777785,289.1388886666667,5.6595264,100571.48,
2021-06-20 05:00:00,KBOS,296.14999977777785,290.1388886666667,6.1736224,100571.48,43.75
2021-06-20 06:00:00,KBOS,296.14999977777785,288.12777755555555,5.1454304,100571.48,
2021-06-20 07:00:00,KBOS,296.14999977777785,288.12777755555555,5.6595264,100571.48,
2021-06-20 08:00:00,KBOS,296.14999977777785,287.12777755555555,6.1736224,100571.48,
2021-06-20 09:00:00,KBOS,296.14999977777785,287.12777755555555,5.1454304,100639.16,
2021-06-20 10:00:00,KBOS,296.14999977777785,287.12777755555555,5.1454304,100706.84,75.0
2021-06-20 11:00:00,KBOS,295.14999977777785,289.12777755555555,3.0890464,100706.84,75.0
2021-06-20 12:00:00,KBOS,296.14999977777785,289.1388886666667,3.6031424,100740.68,43.75
2021-06-20 13:00:00,KBOS,299.14999977777785,289.14999977777785,3.0890464,100774.52,
2021-06-20 14:00:00,KBOS,300.14999977777785,287.1611108888889,5.1454304,100774.52,
2021-06-20 15:00:00,KBOS,301.14999977777785,287.17222200000003,3.0890464,100774.52,
2021-06-20 16:00:00,KBOS,301.14999977777785,288.1777775555556,2.056384,100774.52,43.75
2021-06-20 17:00:00,KBOS,301.14999977777785,290.17222200000003,5.1454304,100706.84,
2021-06-20 18:00:00,KBOS,301.14999977777785,290.17222200000003,3.6031424,100673.0,43.75
2021-06-20 19:00:00,KBOS,304.14999977777785,287.22222200000004,6.1736224,100639.16,43.75
2021-06-20 20:00:00,KBOS,304.14999977777785,287.22222200000004,6.6877184000000005,100605.32,43.75
2021-06-20 21:00:00,KBOS,304.14999977777785,288.22222200000004,6.1736224,100605.32,43.75
2021-06-20 22:00:00,KBOS,302.14999977777785,291.1777775555556,6.6877184000000005,100605.32,75.0
2021-06-20 23:00:00,KBOS,301.14999977777785,291.17222200000003,6.1736224,100639.16,43.75
2021-06-21 00:00:00,KBOS,301.14999977777785,290.17222200000003,6.6877184000000005,100673.0,
2021-06-21 01:00:00,KBOS,299.14999977777785,290.14999977777785,6.1736224,100740.68,43.75
2021-06-21 02:00:00,KBOS,299.14999977777785,290.14999977777785,7.2018144,100774.52,43.75
2021-06-21 03:00:00,KBOS,299.14999977777785,290.14999977777785,5.6595264,100842.2,43.75
2021-06-21 04:00:00,KBOS,298.14999977777785,291.14999977777785,4.6313344,100808.36,
2021-06-21 05:00:00,KBOS,296.14999977777785,291.1388886666667,2.57048,100808.36,43.75
2021-06-21 06:00:00,KBOS,296.14999977777785,291.1388886666667,2.57048,100774.52,
2021-06-21 07:00:00,KBOS,295.14999977777785,291.1388886666667,2.056384,100740.68,
2021-06-21 08:00:00,KBOS,294.14999977777785,291.1388886666667,3.0890464,100706.84,
2021-06-21 09:00:00,KBOS,294.14999977777785,291.1388886666667,3.6031424,100740.68,
2021-06-21 10:00:00,KBOS,294.14999977777785,291.1388886666667,4.1172384000000015,100740.68,43.75
2021-06-21 11:00:00,KBOS,296.14999977777785,292.1388886666667,2.57048,100740.68,
2021-06-21 12:00:00,KBOS,296.14999977777785,292.1388886666667,4.6313344,100740.68,
2021-06-21 13:00:00,KBOS,298.14999977777785,293.14999977777785,4.6313344,100740.68,
2021-06-21 14:00:00,KBOS,299.14999977777785,294.14999977777785,4.6313344,100706.84,
2021-06-21 15:00:00,KBOS,301.14999977777785,295.1611108888889,5.6595264,100639.16,
2021-06-21 16:00:00,KBOS,303.14999977777785,295.1777775555556,6.6877184000000005,100605.32,
2021-06-21 17:00:00,KBOS,304.14999977777785,294.1888886666667,8.744102400000001,100537.64,
2021-06-21 18:00:00,KBOS,302.14999977777785,294.17222200000003,8.2300064,100469.96,43.75
2021-06-21 19:00:00,KBOS,302.14999977777785,295.17222200000003,8.2300064,100368.44,75.0
2021-06-21 20:00:00,KBOS,302.14999977777785,294.17222200000003,8.2300064,100334.61,100.0
2021-06-21 21:00:00,KBOS,302.14999977777785,294.17222200000003,10.2908608,100300.77,75.0
2021-06-21 22:00:00,KBOS,300.14999977777785,294.1611108888889,7.2018144,100233.09,100.0
2021-06-21 23:00:00,KBOS,300.14999977777785,294.1611108888889,7.7159104,100199.25,75.0
2021-06-22 00:00:00,KBOS,300.14999977777785,294.1611108888889,8.744102400000001,100233.09,75.0
2021-06-22 01:00:00,KBOS,298.14999977777785,294.14999977777785,8.2300064,100199.25,75.0
2021-06-22 02:00:00,KBOS,298.14999977777785,294.14999977777785,6.6877184000000005,100233.09,100.0
2021-06-22 03:00:00,KBOS,298.14999977777785,294.14999977777785,6.6877184000000005,100266.93,
2021-06-22 04:00:00,KBOS,297.14999977777785,292.1388886666667,5.1454304,100300.77,
2021-06-22 05:00:00,KBOS,296.14999977777785,292.1388886666667,5.1454304,100233.09,
2021-06-22 06:00:00,KBOS,296.14999977777785,292.1388886666667,4.1172384000000015,100165.41,43.75
2021-06-22 07:00:00,KBOS,295.14999977777785,292.1388886666667,4.1172384000000015,100097.73,
2021-06-22 08:00:00,KBOS,296.14999977777785,292.1388886666667,5.6595264,100165.41,43.75
2021-06-22 09:00:00,KBOS,295.14999977777785,292.1388886666667,3.0890464,100165.41,75.0
2021-06-22 10:00:00,KBOS,296.14999977777785,293.1388886666667,3.6031424,100165.41,75.0
2021-06-22 11:00:00,KBOS,295.34999977777784,293.1388886666667,3.6031424,100233.09,75.0
2021-06-22 12:00:00,KBOS,297.14999977777785,294.14999977777785,3.6031424,100300.77,43.75
2021-06-22 13:00:00,KBOS,300.14999977777785,294.1611108888889,3.6031424,100334.61,43.75
2021-06-22 14:00:00,KBOS,301.14999977777785,294.1611108888889,2.056384,100334.61,43.75
2021-06-22 15:00:00,KBOS,302.14999977777785,293.1777775555556,2.57048,100334.61,43.75
2021-06-22 16:00:00,KBOS,302.14999977777785,293.1777775555556,2.57048,100368.44,75.0
2021-06-22 17:00:00,KBOS,303.14999977777785,292.1888886666667,3.6031424,100334.61,75.0
2021-06-22 18:00:00,KBOS,301.14999977777785,292.17222200000003,5.6595264,100368.44,100.0
2021-06-22 19:00:00,KBOS,299.14999977777785,290.14999977777785,7.7159104,100334.61,100.0
2021-06-22 20:00:00,KBOS,294.84999977777784,289.8277775555556,4.1172384000000015,100436.12,100.0
2021-06-22 21:00:00,KBOS,292.54999977777777,290.33888866666666,2.57048,100503.8,100.0
2021-06-22 22:00:00,KBOS,293.14999977777785,290.1388886666667,4.1172384000000015,100537.64,100.0
2021-06-22 23:00:00,KBOS,292.14999977777785,290.1388886666667,4.6313344,100740.68,100.0
2021-06-23 00:00:00,KBOS,293.14999977777785,290.1388886666667,4.6313344,100673.0,100.0
2021-06-23 01:00:00,KBOS,292.14999977777785,290.1388886666667,2.57048,100571.48,100.0
2021-06-23 02:00:00,KBOS,291.14999977777785,289.1388886666667,2.056384,100639.16,100.0
2021-06-23 03:00:00,KBOS,292.14999977777785,289.12777755555555,5.6595264,100808.36,75.0
2021-06-23 04:00:00,KBOS,291.44999977777775,287.0277775555556,5.1454304,100876.04,100.0
2021-06-23 05:00:00,KBOS,291.14999977777785,286.122222,4.6313344,101011.4,100.0
2021-06-23 06:00:00,KBOS,290.14999977777785,286.122222,4.6313344,101079.08,100.0
2021-06-23 07:00:00,KBOS,289.14999977777785,284.1111108888889,4.1172384000000015,101146.76,100.0
2021-06-23 08:00:00,KBOS,289.14999977777785,283.1111108888889,5.6595264,101248.28,100.0
2021-06-23 09:00:00,KBOS,288.14999977777785,282.09999977777784,5.1454304,101383.64,
2021-06-23 10:00:00,KBOS,288.14999977777785,282.09999977777784,5.6595264,101485.15,43.75
2021-06-23 11:00:00,KBOS,288.14999977777785,281.09999977777784,6.1736224,101586.67,
2021-06-23 12:00:00,KBOS,289.84999977777784,280.28888866666665,6.6877184000000005,101755.87,43.75
2021-06-23 13:00:00,KBOS,291.14999977777785,280.08888866666666,6.6877184000000005,101789.71,
2021-06-23 14:00:00,KBOS,292.14999977777785,280.09999977777784,4.6313344,101857.39,43.75
2021-06-23 15:00:00,KBOS,294.14999977777785,279.1111108888889,5.1454304,101891.23,43.75
2021-06-23 16:00:00,KBOS,294.14999977777785,279.1111108888889,4.6313344,101958.91,43.75
2021-06-23 17:00:00,KBOS,295.14999977777785,279.1111108888889,3.6031424,101958.91,43.75
2021-06-23 18:00:00,KBOS,295.14999977777785,279.1111108888889,4.1172384000000015,101992.75,43.75
2021-06-23 19:00:00,KBOS,296.14999977777785,280.12777755555555,3.6031424,102026.59,43.75
2021-06-23 20:00:00,KBOS,294.14999977777785,281.1111108888889,6.1736224,102060.43,75.0
2021-06-23 21:00:00,KBOS,293.14999977777785,283.1111108888889,3.6031424,102094.27,75.0
2021-06-23 22:00:00,KBOS,294.14999977777785,283.1111108888889,5.1454304,102128.11,75.0
2021-06-23 23:00:00,KBOS,292.14999977777785,284.1111108888889,4.1172384000000015,102195.79,43.75
2021-06-24 00:00:00,KBOS,292.14999977777785,285.1111108888889,3.6031424,102297.31,43.75
2021-06-24 01:00:00,KBOS,290.14999977777785,285.122222,3.6031424,102364.99,43.75
2021-06-24 02:00:00,KBOS,290.14999977777785,285.122222,2.57048,102432.66,
2021-06-24 03:00:00,KBOS,290.14999977777785,285.122222,1.5422879999999999,102466.5,
2021-06-24 04:00:00,KBOS,290.14999977777785,286.122222,2.57048,102534.18,
2021-06-24 05:00:00,KBOS,290.14999977777785,285.122222,2.056384,102568.02,
2021-06-24 06:00:00,KBOS,289.14999977777785,285.122222,2.57048,102601.86,
2021-06-24 07:00:00,KBOS,290.14999977777785,285.122222,0.0,102635.7,
2021-06-24 08:00:00,KBOS,289.14999977777785,285.122222,1.5422879999999999,102669.54,
2021-06-24 09:00:00,KBOS,289.14999977777785,285.122222,0.0,102703.38,
2021-06-24 10:00:00,KBOS,289.14999977777785,285.122222,0.0,102771.06,
2021-06-24 11:00:00,KBOS,290.14999977777785,286.122222,0.0,102872.58,
2021-06-24 12:00:00,KBOS,291.14999977777785,286.122222,0.0,102906.42,
2021-06-24 13:00:00,KBOS,291.14999977777785,286.122222,2.57048,102940.26,
2021-06-24 14:00:00,KBOS,293.14999977777785,285.122222,2.57048,102974.1,
2021-06-24 15:00:00,KBOS,294.14999977777785,285.122222,3.6031424,102974.1,
2021-06-24 16:00:00,KBOS,294.14999977777785,287.122222,4.6313344,102940.26,
2021-06-24 17:00:00,KBOS,296.14999977777785,286.12777755555555,8.2300064,102940.26,
2021-06-24 18:00:00,KBOS,296.14999977777785,285.12777755555555,9.7722944,102940.26,43.75
2021-06-24 19:00:00,KBOS,296.14999977777785,283.12777755555555,10.2908608,102906.42,
2021-06-24 20:00:00,KBOS,296.14999977777785,285.12777755555555,9.7722944,102872.58,43.75
2021-06-24 21:00:00,KBOS,294.14999977777785,284.1111108888889,9.2581984,102838.74,43.75
2021-06-24 22:00:00,KBOS,294.14999977777785,284.1111108888889,8.2300064,102838.74,43.75
2021-06-24 23:00:00,KBOS,293.14999977777785,284.1111108888889,6.6877184000000005,102771.06,43.75
2021-06-25 00:00:00,KBOS,292.14999977777785,284.1111108888889,6.1736224,102804.9,43.75
2021-06-25 01:00:00,KBOS,291.14999977777785,284.1111108888889,3.6031424,102838.74,43.75
2021-06-25 02:00:00,KBOS,290.14999977777785,285.122222,3.6031424,102838.74,43.75
2021-06-25 03:00:00,KBOS,291.14999977777785,286.122222,2.57048,102872.58,100.0
2021-06-25 04:00:00,KBOS,290.14999977777785,286.122222,4.1172384000000015,102838.74,100.0
2021-06-25 05:00:00,KBOS,289.24999977777776,287.53888866666665,2.056384,102838.74,100.0
2021-06-25 06:00:00,KBOS,289.14999977777785,287.1388886666667,2.056384,102804.9,100.0
2021-06-25 07:00:00,KBOS,289.14999977777785,287.1388886666667,2.57048,102771.06,100.0
2021-06-25 08:00:00,KBOS,289.14999977777785,287.1388886666667,3.6031424,102703.38,100.0
2021-06-25 09:00:00,KBOS,289.14999977777785,287.1388886666667,3.6031424,102635.7,100.0
2021-06-25 10:00:00,KBOS,289.14999977777785,288.1388886666667,3.0890464,102669.54,100.0
2021-06-25 11:00:00,KBOS,290.14999977777785,288.1388886666667,3.6031424,102635.7,100.0
2021-06-25 12:00:00,KBOS,289.84999977777784,288.73888866666664,4.1172384000000015,102669.54,100.0
2021-06-25 13:00:00,KBOS,291.14999977777785,289.1388886666667,4.1172384000000015,102669.54,100.0
2021-06-25 14:00:00,KBOS,291.14999977777785,290.1388886666667,4.1172384000000015,102669.54,100.0
2021-06-25 15:00:00,KBOS,292.14999977777785,290.1388886666667,4.1172384000000015,102601.86,100.0
2021-06-25 16:00:00,KBOS,291.14999977777785,289.1388886666667,3.6031424,102568.02,100.0
2021-06-25 17:00:00,KBOS,292.14999977777785,289.12777755555555,3.0890464,102601.86,100.0
2021-06-25 18:00:00,KBOS,292.14999977777785,289.12777755555555,3.0890464,102534.18,100.0
2021-06-25 19:00:00,KBOS,293.14999977777785,289.12777755555555,1.5422879999999999,102500.34,100.0
2021-06-25 20:00:00,KBOS,293.14999977777785,289.12777755555555,1.5422879999999999,102500.34,100.0
2021-06-25 21:00:00,KBOS,293.14999977777785,289.12777755555555,3.0890464,102466.5,100.0
2021-06-25 22:00:00,KBOS,292.14999977777785,289.12777755555555,2.056384,102432.66,75.0
2021-06-25 23:00:00,KBOS,292.14999977777785,289.12777755555555,3.0890464,102432.66,100.0
2021-06-26 00:00:00,KBOS,292.14999977777785,289.12777755555555,3.0890464,102432.66,100.0
2021-06-26 01:00:00,KBOS,290.14999977777785,288.1388886666667,3.6031424,102432.66,100.0
2021-06-26 02:00:00,KBOS,291.14999977777785,289.1388886666667,4.6313344,102432.66,100.0
2021-06-26 03:00:00,KBOS,290.14999977777785,289.1388886666667,0.0,102432.66,75.0
2021-06-26 04:00:00,KBOS,292.14999977777785,290.1388886666667,3.6031424,102432.66,75.0
2021-06-26 05:00:00,KBOS,292.14999977777785,289.12777755555555,5.1454304,102398.83,43.75
2021-06-26 06:00:00,KBOS,292.04999977777777,289.22777755555563,5.1454304,102398.83,43.75
2021-06-26 07:00:00,KBOS,292.14999977777785,290.1388886666667,5.6595264,102364.99,43.75
2021-06-26 08:00:00,KBOS,293.14999977777785,290.1388886666667,4.6313344,102364.99,100.0
2021-06-26 09:00:00,KBOS,293.14999977777785,291.1388886666667,2.57048,102364.99,100.0
2021-06-26 10:00:00,KBOS,294.14999977777785,291.1388886666667,2.57048,102398.83,100.0
2021-06-26 11:00:00,KBOS,295.14999977777785,291.1388886666667,4.1172384000000015,102398.83,100.0
2021-06-26 12:00:00,KBOS,295.14999977777785,292.1388886666667,4.6313344,102432.66,100.0
2021-06-26 13:00:00,KBOS,297.14999977777785,292.1388886666667,6.1736224,102432.66,75.0
2021-06-26 14:00:00,KBOS,299.14999977777785,292.14999977777785,7.2018144,102364.99,43.75
2021-06-26 15:00:00,KBOS,300.14999977777785,294.1611108888889,7.2018144,102331.15,43.75
2021-06-26 16:00:00,KBOS,301.14999977777785,294.1611108888889,7.7159104,102297.31,43.75
2021-06-26 17:00:00,KBOS,301.14999977777785,294.1611108888889,6.6877184000000005,102263.47,43.75
2021-06-26 18:00:00,KBOS,302.14999977777785,294.17222200000003,8.744102400000001,102229.63,43.75
2021-06-26 19:00:00,KBOS,301.14999977777785,294.1611108888889,7.2018144,102161.95,75.0
2021-06-26 20:00:00,KBOS,301.14999977777785,294.1611108888889,7.7159104,102128.11,43.75
2021-06-26 21:00:00,KBOS,301.14999977777785,294.1611108888889,7.2018144,102128.11,43.75
2021-06-26 22:00:00,KBOS,301.14999977777785,294.1611108888889,6.1736224,102094.27,43.75
2021-06-26 23:00:00,KBOS,300.14999977777785,294.1611108888889,8.2300064,102026.59,43.75
2021-06-27 00:00:00,KBOS,299.14999977777785,294.14999977777785,6.1736224,102060.43,43.75
2021-06-27 01:00:00,KBOS,299.14999977777785,294.14999977777785,5.1454304,102026.59,
2021-06-27 02:00:00,KBOS,299.14999977777785,293.14999977777785,7.7159104,102060.43,
2021-06-27 03:00:00,KBOS,298.14999977777785,293.14999977777785,7.7159104,102060.43,
2021-06-27 04:00:00,KBOS,298.14999977777785,293.14999977777785,8.2300064,102060.43,43.75
2021-06-27 05:00:00,KBOS,297.14999977777785,293.14999977777785,5.1454304,102026.59,43.75
2021-06-27 06:00:00,KBOS,297.14999977777785,293.14999977777785,5.6595264,102060.43,100.0
2021-06-27 07:00:00,KBOS,297.14999977777785,293.14999977777785,4.6313344,102026.59,
2021-06-27 08:00:00,KBOS,296.14999977777785,293.1388886666667,4.1172384000000015,101992.75,
2021-06-27 09:00:00,KBOS,297.14999977777785,293.14999977777785,4.1172384000000015,101992.75,100.0
2021-06-27 10:00:00,KBOS,296.14999977777785,293.1388886666667,3.6031424,102026.59,100.0
2021-06-27 11:00:00,KBOS,297.14999977777785,294.14999977777785,4.6313344,102026.59,100.0
2021-06-27 12:00:00,KBOS,298.14999977777785,294.14999977777785,6.6877184000000005,102060.43,100.0
2021-06-27 13:00:00,KBOS,300.14999977777785,294.1611108888889,5.6595264,102026.59,75.0
2021-06-27 14:00:00,KBOS,300.14999977777785,294.1611108888889,9.2581984,102026.59,43.75
2021-06-27 15:00:00,KBOS,302.14999977777785,295.17222200000003,7.2018144,101992.75,43.75
2021-06-27 16:00:00,KBOS,303.14999977777785,295.1777775555556,8.2300064,101992.75,43.75
2021-06-27 17:00:00,KBOS,303.14999977777785,295.1777775555556,9.7722944,101958.91,43.75
2021-06-27 18:00:00,KBOS,305.14999977777785,294.21111088888887,10.2908608,101891.23,43.75
2021-06-27 19:00:00,KBOS,304.14999977777785,294.1888886666667,11.833148800000002,101891.23,43.75
2021-06-27 20:00:00,KBOS,305.14999977777785,294.21111088888887,9.7722944,101857.39,43.75
2021-06-27 21:00:00,KBOS,305.14999977777785,294.21111088888887,11.833148800000002,101789.71,
2021-06-27 22:00:00,KBOS,304.14999977777785,294.1888886666667,8.744102400000001,101823.55,
2021-06-27 23:00:00,KBOS,303.14999977777785,295.1777775555556,7.2018144,101823.55,43.75
2021-06-28 00:00:00,KBOS,302.14999977777785,295.17222200000003,8.744102400000001,101789.71,43.75
2021-06-28 01:00:00,KBOS,301.14999977777785,295.1611108888889,7.7159104,101823.55,43.75
2021-06-28 02:00:00,KBOS,300.14999977777785,295.1611108888889,8.744102400000001,101857.39,
2021-06-28 03:00:00,KBOS,300.14999977777785,294.1611108888889,6.1736224,101857.39,
2021-06-28 04:00:00,KBOS,299.14999977777785,294.14999977777785,7.7159104,101857.39,
2021-06-28 05:00:00,KBOS,299.14999977777785,293.14999977777785,6.1736224,101857.39,
2021-06-28 06:00:00,KBOS,298.14999977777785,293.14999977777785,6.6877184000000005,101891.23,
2021-06-28 07:00:00,KBOS,297.14999977777785,293.14999977777785,6.6877184000000005,101891.23,
2021-06-28 08:00:00,KBOS,297.14999977777785,293.14999977777785,5.6595264,101925.07,
2021-06-28 09:00:00,KBOS,297.14999977777785,293.14999977777785,4.6313344,101958.91,
2021-06-28 10:00:00,KBOS,297.14999977777785,293.14999977777785,4.6313344,101992.75,
2021-06-28 11:00:00,KBOS,298.14999977777785,294.14999977777785,4.6313344,102026.59,
2021-06-28 12:00:00,KBOS,300.14999977777785,294.1611108888889,5.1454304,102026.59,
2021-06-28 13:00:00,KBOS,301.14999977777785,295.1611108888889,5.6595264,102026.59,
2021-06-28 14:00:00,KBOS,304.14999977777785,295.1888886666667,5.1454304,102026.59,
2021-06-28 15:00:00,KBOS,305.14999977777785,296.19999977777775,5.1454304,101992.75,
2021-06-28 16:00:00,KBOS,306.14999977777785,296.21111088888887,4.6313344,101992.75,
2021-06-28 17:00:00,KBOS,307.14999977777785,296.22777755555563,7.7159104,101958.91,43.75
2021-06-28 18:00:00,KBOS,308.14999977777785,296.23888866666664,5.6595264,101925.07,43.75
2021-06-28 19:00:00,KBOS,308.14999977777785,295.24999977777776,6.6877184000000005,101857.39,43.75
2021-06-28 20:00:00,KBOS,309.14999977777785,294.2777775555556,5.1454304,101857.39,43.75
2021-06-28 21:00:00,KBOS,308.14999977777785,295.24999977777776,7.7159104,101823.55,43.75
2021-06-28 22:00:00,KBOS,307.14999977777785,295.22777755555563,7.2018144,101823.55,43.75
2021-06-28 23:00:00,KBOS,306.14999977777785,296.21111088888887,7.2018144,101789.71,
2021-06-29 00:00:00,KBOS,305.14999977777785,296.19999977777775,7.2018144,101823.55,43.75
2021-06-29 01:00:00,KBOS,304.14999977777785,296.1888886666667,6.6877184000000005,101857.39,
2021-06-29 02:00:00,KBOS,304.14999977777785,296.1888886666667,5.6595264,101891.23,43.75
2021-06-29 03:00:00,KBOS,302.14999977777785,296.17222200000003,7.2018144,101925.07,43.75
2021-06-29 04:00:00,KBOS,302.14999977777785,295.17222200000003,6.1736224,101925.07,
2021-06-29 05:00:00,KBOS,301.14999977777785,295.1611108888889,5.6595264,101925.07,
2021-06-29 06:00:00,KBOS,301.14999977777785,295.1611108888889,5.6595264,101925.07,
2021-06-29 07:00:00,KBOS,300.14999977777785,295.1611108888889,6.1736224,101925.07,43.75
2021-06-29 08:00:00,KBOS,300.14999977777785,295.1611108888889,5.6595264,101958.91,
2021-06-29 09:00:00,KBOS,299.14999977777785,295.14999977777785,4.1172384000000015,101992.75,43.75
2021-06-29 10:00:00,KBOS,300.14999977777785,295.1611108888889,3.6031424,102026.59,43.75
2021-06-29 11:00:00,KBOS,301.14999977777785,295.1611108888889,3.0890464,102026.59,
2021-06-29 12:00:00,KBOS,302.14999977777785,295.17222200000003,2.57048,102060.43,
2021-06-29 13:00:00,KBOS,304.14999977777785,296.1888886666667,3.0890464,102026.59,43.75
2021-06-29 14:00:00,KBOS,305.14999977777785,296.19999977777775,3.6031424,101992.75,
2021-06-29 15:00:00,KBOS,307.14999977777785,296.22777755555563,4.1172384000000015,101958.91,
2021-06-29 16:00:00,KBOS,307.14999977777785,295.22777755555563,4.6313344,101925.07,
2021-06-29 17:00:00,KBOS,309.14999977777785,295.272222,6.1736224,101823.55,
2021-06-29 18:00:00,KBOS,310.14999977777785,294.29999977777777,5.1454304,101789.71,43.75
2021-06-29 19:00:00,KBOS,310.14999977777785,294.29999977777777,8.2300064,101789.71,43.75
2021-06-29 20:00:00,KBOS,310.14999977777785,294.29999977777777,6.6877184000000005,101722.03,43.75
2021-06-29 21:00:00,KBOS,309.14999977777785,294.2777775555556,6.6877184000000005,101688.19,43.75
2021-06-29 22:00:00,KBOS,307.14999977777785,294.23888866666664,9.7722944,101688.19,75.0
2021-06-29 23:00:00,KBOS,308.14999977777785,294.2611108888889,3.0890464,101620.51,75.0
2021-06-30 00:00:00,KBOS,,,,,
2021-06-30 01:00:00,KBOS,305.14999977777785,296.19999977777775,7.2018144,101688.19,43.75
2021-06-30 02:00:00,KBOS,304.14999977777785,295.1888886666667,6.1736224,101755.87,43.75
2021-06-30 03:00:00,KBOS,302.14999977777785,294.17222200000003,4.1172384000000015,101688.19,
2021-06-30 04:00:00,KBOS,301.14999977777785,295.1611108888889,5.1454304,101688.19,
2021-06-30 05:00:00,KBOS,301.14999977777785,295.1611108888889,4.1172384000000015,101688.19,
2021-06-30 06:00:00,KBOS,301.14999977777785,294.1611108888889,2.57048,101654.35,
2021-06-30 07:00:00,KBOS,300.14999977777785,294.1611108888889,4.1172384000000015,101620.51,
2021-06-30 08:00:00,KBOS,300.14999977777785,294.1611108888889,2.57048,101586.67,
2021-06-30 09:00:00,KBOS,299.14999977777785,294.14999977777785,4.1172384000000015,101518.99,
2021-06-30 10:00:00,KBOS,299.14999977777785,294.14999977777785,4.6313344,101451.31,
2021-06-30 11:00:00,KBOS,300.14999977777785,295.1611108888889,4.1172384000000015,101451.31,
2021-06-30 12:00:00,KBOS,301.14999977777785,294.1611108888889,3.0890464,101451.31,
2021-06-30 13:00:00,KBOS,304.14999977777785,294.1888886666667,3.0890464,101417.47,
2021-06-30 14:00:00,KBOS,305.14999977777785,294.21111088888887,5.1454304,101383.64,
2021-06-30 15:00:00,KBOS,307.14999977777785,294.23888866666664,4.6313344,101349.8,
2021-06-30 16:00:00,KBOS,307.14999977777785,294.23888866666664,4.1172384000000015,101282.12,
2021-06-30 17:00:00,KBOS,309.14999977777785,294.2777775555556,5.1454304,101214.44,
2021-06-30 18:00:00,KBOS,309.14999977777785,294.2777775555556,4.6313344,101146.76,43.75
2021-06-30 19:00:00,KBOS,309.14999977777785,294.2777775555556,7.2018144,101045.24,
2021-06-30 20:00:00,KBOS,309.14999977777785,295.272222,6.6877184000000005,100977.56,43.75
2021-06-30 21:00:00,KBOS,309.14999977777785,294.2777775555556,7.2018144,100876.04,43.75
2021-06-30 22:00:00,KBOS,309.14999977777785,294.2777775555556,5.6595264,100876.04,
2021-06-30 23:00:00,KBOS,298.14999977777785,294.24999977777776,9.7722944,101146.76,75.0
2021-07-01 00:00:00,KBOS,299.14999977777785,295.14999977777785,0.0,101079.08,75.0
